group,method,model,target_city,eval_split,recall@20_mean,ndcg@20_mean,recall@20_std,ndcg@20_std,recall@20_mean±std,ndcg@20_mean±std
hr_signal_ablation,RD-Safe+Cat,LightGCN,Chicago,official_test,0.27624585883955366,0.20436817564130225,0.009169542392533604,0.004066646890473409,0.2762±0.0092,0.2044±0.0041
hr_signal_ablation,RD-Safe+Cat,LightGCN,Chicago,strict_unseen_test,0.19337439012512647,0.10045410892196688,0.010275465954143389,0.0019848755961735117,0.1934±0.0103,0.1005±0.0020
hr_signal_ablation,RD-Safe+Cat,LightGCN,NYC,official_test,0.20203272937442388,0.11507973168565176,0.009444348464795539,0.002017813921184692,0.2020±0.0094,0.1151±0.0020
hr_signal_ablation,RD-Safe+Cat,LightGCN,NYC,strict_unseen_test,0.13199067087519864,0.05444284329561099,0.011182110702545135,0.003637416565376565,0.1320±0.0112,0.0544±0.0036
hr_signal_ablation,RD-Safe+Cat,LightGCN,Singapore,official_test,0.46898682878056386,0.2640283540500535,0.01567065990356031,0.025987240684311585,0.4690±0.0157,0.2640±0.0260
hr_signal_ablation,RD-Safe+Cat,LightGCN,Singapore,strict_unseen_test,0.3883360989610722,0.17356783442992216,0.007167575522045047,0.002957091047860927,0.3883±0.0072,0.1736±0.0030
hr_signal_ablation,RD-Safe+Cat,LightGCN,Tokyo,official_test,0.17591931954887488,0.11305197263962692,0.00535655599006973,0.0012069199760287492,0.1759±0.0054,0.1131±0.0012
hr_signal_ablation,RD-Safe+Cat,LightGCN,Tokyo,strict_unseen_test,0.11211754768545262,0.05232046059338066,0.0080870597115188,0.004371142406111036,0.1121±0.0081,0.0523±0.0044
hr_signal_ablation,RD-Safe+Cat,VanillaMF,Chicago,official_test,0.21911207612270633,0.1485426508865513,0.019389859092166915,0.0155046808014382,0.2191±0.0194,0.1485±0.0155
hr_signal_ablation,RD-Safe+Cat,VanillaMF,Chicago,strict_unseen_test,0.16999134278062109,0.08662163667538147,0.007732591788786701,0.002187556339158373,0.1700±0.0077,0.0866±0.0022
hr_signal_ablation,RD-Safe+Cat,VanillaMF,NYC,official_test,0.16244854872974915,0.09061834162189375,0.004561244413854326,0.0022433532992741693,0.1624±0.0046,0.0906±0.0022
hr_signal_ablation,RD-Safe+Cat,VanillaMF,NYC,strict_unseen_test,0.11480524236746135,0.05228784148149526,0.003370101002655703,0.0014876862568228716,0.1148±0.0034,0.0523±0.0015
hr_signal_ablation,RD-Safe+Cat,VanillaMF,Singapore,official_test,0.4849830628529044,0.28211396027905233,0.009202436913097902,0.004910186310524305,0.4850±0.0092,0.2821±0.0049
hr_signal_ablation,RD-Safe+Cat,VanillaMF,Singapore,strict_unseen_test,0.4119469926396729,0.18131525485885644,0.011266170847196126,0.002271245932072201,0.4119±0.0113,0.1813±0.0023
hr_signal_ablation,RD-Safe+Cat,VanillaMF,Tokyo,official_test,0.15620807829068392,0.08452463487217006,0.0010848783439623907,0.0004084827069749197,0.1562±0.0011,0.0845±0.0004
hr_signal_ablation,RD-Safe+Cat,VanillaMF,Tokyo,strict_unseen_test,0.1279059718227099,0.06176402375944066,0.0011471105778124754,0.000691523870950262,0.1279±0.0011,0.0618±0.0007
hr_signal_ablation,RD-Safe+HR-Full,LightGCN,Chicago,official_test,0.27624585883955366,0.20436817564130225,0.009169542392533604,0.004066646890473409,0.2762±0.0092,0.2044±0.0041
hr_signal_ablation,RD-Safe+HR-Full,LightGCN,Chicago,strict_unseen_test,0.19337439012512647,0.10045410892196688,0.010275465954143389,0.0019848755961735117,0.1934±0.0103,0.1005±0.0020
hr_signal_ablation,RD-Safe+HR-Full,LightGCN,NYC,official_test,0.20203272937442388,0.11507973168565176,0.009444348464795539,0.002017813921184692,0.2020±0.0094,0.1151±0.0020
hr_signal_ablation,RD-Safe+HR-Full,LightGCN,NYC,strict_unseen_test,0.13199067087519864,0.05444284329561099,0.011182110702545135,0.003637416565376565,0.1320±0.0112,0.0544±0.0036
hr_signal_ablation,RD-Safe+HR-Full,LightGCN,Singapore,official_test,0.46899651188725033,0.26269697742449405,0.015687406380731513,0.02380626442130794,0.4690±0.0157,0.2627±0.0238
hr_signal_ablation,RD-Safe+HR-Full,LightGCN,Singapore,strict_unseen_test,0.39156670299930313,0.17358080553344601,0.010289154526285472,0.0029662468332825004,0.3916±0.0103,0.1736±0.0030
hr_signal_ablation,RD-Safe+HR-Full,LightGCN,Tokyo,official_test,0.17591931954887488,0.11305197263962692,0.00535655599006973,0.0012069199760287492,0.1759±0.0054,0.1131±0.0012
hr_signal_ablation,RD-Safe+HR-Full,LightGCN,Tokyo,strict_unseen_test,0.11211754768545262,0.05232046059338066,0.0080870597115188,0.004371142406111036,0.1121±0.0081,0.0523±0.0044
hr_signal_ablation,RD-Safe+HR-Full,VanillaMF,Chicago,official_test,0.23300976373024293,0.16397496072502815,0.0014103809772156148,0.001699109454920125,0.2330±0.0014,0.1640±0.0017
hr_signal_ablation,RD-Safe+HR-Full,VanillaMF,Chicago,strict_unseen_test,0.16963855958201113,0.08492204423274004,0.004336545166739005,0.0014575999134041856,0.1696±0.0043,0.0849±0.0015
hr_signal_ablation,RD-Safe+HR-Full,VanillaMF,NYC,official_test,0.17443286181158643,0.09922850616261329,0.002912378760558328,0.002563441038054632,0.1744±0.0029,0.0992±0.0026
hr_signal_ablation,RD-Safe+HR-Full,VanillaMF,NYC,strict_unseen_test,0.11560240335926696,0.05134477544377627,0.001855810263585115,0.00138552780448786,0.1156±0.0019,0.0513±0.0014
hr_signal_ablation,RD-Safe+HR-Full,VanillaMF,Singapore,official_test,0.4929325008467586,0.2839107470800513,0.0064115119498175215,0.005018679965670184,0.4929±0.0064,0.2839±0.0050
hr_signal_ablation,RD-Safe+HR-Full,VanillaMF,Singapore,strict_unseen_test,0.4164845339131656,0.18248374402654258,0.007238459116040976,0.003288867543958533,0.4165±0.0072,0.1825±0.0033
hr_signal_ablation,RD-Safe+HR-Full,VanillaMF,Tokyo,official_test,0.16591739059793523,0.09221405425578215,0.0009405538659922135,0.000704247839428488,0.1659±0.0009,0.0922±0.0007
hr_signal_ablation,RD-Safe+HR-Full,VanillaMF,Tokyo,strict_unseen_test,0.12496230638450943,0.05856898203537921,0.0014111867624611886,0.0004578340586699615,0.1250±0.0014,0.0586±0.0005
hr_signal_ablation,RD-Safe+HR-w/o-Cat,LightGCN,Chicago,official_test,0.27624585883955366,0.20436817564130225,0.009169542392533604,0.004066646890473409,0.2762±0.0092,0.2044±0.0041
hr_signal_ablation,RD-Safe+HR-w/o-Cat,LightGCN,Chicago,strict_unseen_test,0.19337439012512647,0.10045410892196688,0.010275465954143389,0.0019848755961735117,0.1934±0.0103,0.1005±0.0020
hr_signal_ablation,RD-Safe+HR-w/o-Cat,LightGCN,NYC,official_test,0.20203272937442388,0.11507973168565176,0.009444348464795539,0.002017813921184692,0.2020±0.0094,0.1151±0.0020
hr_signal_ablation,RD-Safe+HR-w/o-Cat,LightGCN,NYC,strict_unseen_test,0.13199067087519864,0.05444284329561099,0.011182110702545135,0.003637416565376565,0.1320±0.0112,0.0544±0.0036
hr_signal_ablation,RD-Safe+HR-w/o-Cat,LightGCN,Singapore,official_test,0.463236514721518,0.2551693509530808,0.0057517133129318665,0.012360521603446438,0.4632±0.0058,0.2552±0.0124
hr_signal_ablation,RD-Safe+HR-w/o-Cat,LightGCN,Singapore,strict_unseen_test,0.39258200855871567,0.17781340433787207,0.011658694769868446,0.008966866941867397,0.3926±0.0117,0.1778±0.0090
hr_signal_ablation,RD-Safe+HR-w/o-Cat,LightGCN,Tokyo,official_test,0.17591931954887488,0.11305197263962692,0.00535655599006973,0.0012069199760287492,0.1759±0.0054,0.1131±0.0012
hr_signal_ablation,RD-Safe+HR-w/o-Cat,LightGCN,Tokyo,strict_unseen_test,0.11211754768545262,0.05232046059338066,0.0080870597115188,0.004371142406111036,0.1121±0.0081,0.0523±0.0044
hr_signal_ablation,RD-Safe+HR-w/o-Cat,VanillaMF,Chicago,official_test,0.20686111085131473,0.14308534492147346,0.008818439843344199,0.001812421261991915,0.2069±0.0088,0.1431±0.0018
hr_signal_ablation,RD-Safe+HR-w/o-Cat,VanillaMF,Chicago,strict_unseen_test,0.16401261760255584,0.088604304972346,0.009474627608443208,0.002381775476576866,0.1640±0.0095,0.0886±0.0024
hr_signal_ablation,RD-Safe+HR-w/o-Cat,VanillaMF,NYC,official_test,0.14356282530743913,0.0763329013988226,0.0019193282941803362,0.001559392949548053,0.1436±0.0019,0.0763±0.0016
hr_signal_ablation,RD-Safe+HR-w/o-Cat,VanillaMF,NYC,strict_unseen_test,0.09964495857947102,0.04456805817657126,0.00105492266956852,0.0013461419048718412,0.0996±0.0011,0.0446±0.0013
hr_signal_ablation,RD-Safe+HR-w/o-Cat,VanillaMF,Singapore,official_test,0.4492647436256118,0.2404988887252734,0.003135111082032637,0.0017822628466216317,0.4493±0.0031,0.2405±0.0018
hr_signal_ablation,RD-Safe+HR-w/o-Cat,VanillaMF,Singapore,strict_unseen_test,0.3997366419781014,0.1784732770581561,0.0025339566287312047,0.001969239881894927,0.3997±0.0025,0.1785±0.0020
hr_signal_ablation,RD-Safe+HR-w/o-Cat,VanillaMF,Tokyo,official_test,0.1386108248842982,0.07503209821049138,0.001966595901356868,0.0002227280654770677,0.1386±0.0020,0.0750±0.0002
hr_signal_ablation,RD-Safe+HR-w/o-Cat,VanillaMF,Tokyo,strict_unseen_test,0.11742623792678547,0.05379061508545615,0.0011595726248131272,0.0003010393309787894,0.1174±0.0012,0.0538±0.0003
hr_signal_ablation,RD-Safe+HR-w/o-Pop,LightGCN,Chicago,official_test,0.27624585883955366,0.20436817564130225,0.009169542392533604,0.004066646890473409,0.2762±0.0092,0.2044±0.0041
hr_signal_ablation,RD-Safe+HR-w/o-Pop,LightGCN,Chicago,strict_unseen_test,0.19337439012512647,0.10045410892196688,0.010275465954143389,0.0019848755961735117,0.1934±0.0103,0.1005±0.0020
hr_signal_ablation,RD-Safe+HR-w/o-Pop,LightGCN,NYC,official_test,0.20203272937442388,0.11507973168565176,0.009444348464795539,0.002017813921184692,0.2020±0.0094,0.1151±0.0020
hr_signal_ablation,RD-Safe+HR-w/o-Pop,LightGCN,NYC,strict_unseen_test,0.13199067087519864,0.05444284329561099,0.011182110702545135,0.003637416565376565,0.1320±0.0112,0.0544±0.0036
hr_signal_ablation,RD-Safe+HR-w/o-Pop,LightGCN,Singapore,official_test,0.46898682878056386,0.2640283540500535,0.01567065990356031,0.025987240684311585,0.4690±0.0157,0.2640±0.0260
hr_signal_ablation,RD-Safe+HR-w/o-Pop,LightGCN,Singapore,strict_unseen_test,0.3883360989610722,0.17356783442992216,0.007167575522045047,0.002957091047860927,0.3883±0.0072,0.1736±0.0030
hr_signal_ablation,RD-Safe+HR-w/o-Pop,LightGCN,Tokyo,official_test,0.17591931954887488,0.11305197263962692,0.00535655599006973,0.0012069199760287492,0.1759±0.0054,0.1131±0.0012
hr_signal_ablation,RD-Safe+HR-w/o-Pop,LightGCN,Tokyo,strict_unseen_test,0.11211754768545262,0.05232046059338066,0.0080870597115188,0.004371142406111036,0.1121±0.0081,0.0523±0.0044
hr_signal_ablation,RD-Safe+HR-w/o-Pop,VanillaMF,Chicago,official_test,0.23746464804364573,0.16389337932212922,0.00949964992384107,0.0021749580865604145,0.2375±0.0095,0.1639±0.0022
hr_signal_ablation,RD-Safe+HR-w/o-Pop,VanillaMF,Chicago,strict_unseen_test,0.16504361509069357,0.08122321186476929,0.011521215637193079,0.002973502452496312,0.1650±0.0115,0.0812±0.0030
hr_signal_ablation,RD-Safe+HR-w/o-Pop,VanillaMF,NYC,official_test,0.1756117355262797,0.09916724082259602,0.0038301507347808465,0.0025849499500866296,0.1756±0.0038,0.0992±0.0026
hr_signal_ablation,RD-Safe+HR-w/o-Pop,VanillaMF,NYC,strict_unseen_test,0.11751084980714809,0.051976488096322805,0.0029154383417166335,0.0014561586922190023,0.1175±0.0029,0.0520±0.0015
hr_signal_ablation,RD-Safe+HR-w/o-Pop,VanillaMF,Singapore,official_test,0.4966440310139471,0.2842417066555382,0.0006307822069767527,0.0045199431050182825,0.4966±0.0006,0.2842±0.0045
hr_signal_ablation,RD-Safe+HR-w/o-Pop,VanillaMF,Singapore,strict_unseen_test,0.4188428608566059,0.18330030357114344,0.003726545129375924,0.001850825859434932,0.4188±0.0037,0.1833±0.0019
hr_signal_ablation,RD-Safe+HR-w/o-Pop,VanillaMF,Tokyo,official_test,0.16673020483390996,0.09314127655347766,0.0008739868468899967,0.000406513198112458,0.1667±0.0009,0.0931±0.0004
hr_signal_ablation,RD-Safe+HR-w/o-Pop,VanillaMF,Tokyo,strict_unseen_test,0.12425922515201644,0.05852170188406935,0.000841929338925489,0.00024072319099011007,0.1243±0.0008,0.0585±0.0002
hr_signal_ablation,RD-Safe+HR-w/o-RR,LightGCN,Chicago,official_test,0.27624585883955366,0.20436817564130225,0.009169542392533604,0.004066646890473409,0.2762±0.0092,0.2044±0.0041
hr_signal_ablation,RD-Safe+HR-w/o-RR,LightGCN,Chicago,strict_unseen_test,0.19337439012512647,0.10045410892196688,0.010275465954143389,0.0019848755961735117,0.1934±0.0103,0.1005±0.0020
hr_signal_ablation,RD-Safe+HR-w/o-RR,LightGCN,NYC,official_test,0.20203272937442388,0.11507973168565176,0.009444348464795539,0.002017813921184692,0.2020±0.0094,0.1151±0.0020
hr_signal_ablation,RD-Safe+HR-w/o-RR,LightGCN,NYC,strict_unseen_test,0.13199067087519864,0.05444284329561099,0.011182110702545135,0.003637416565376565,0.1320±0.0112,0.0544±0.0036
hr_signal_ablation,RD-Safe+HR-w/o-RR,LightGCN,Singapore,official_test,0.46899651188725033,0.26269697742449405,0.015687406380731513,0.02380626442130794,0.4690±0.0157,0.2627±0.0238
hr_signal_ablation,RD-Safe+HR-w/o-RR,LightGCN,Singapore,strict_unseen_test,0.39156670299930313,0.17358080553344601,0.010289154526285472,0.0029662468332825004,0.3916±0.0103,0.1736±0.0030
hr_signal_ablation,RD-Safe+HR-w/o-RR,LightGCN,Tokyo,official_test,0.17591931954887488,0.11305197263962692,0.00535655599006973,0.0012069199760287492,0.1759±0.0054,0.1131±0.0012
hr_signal_ablation,RD-Safe+HR-w/o-RR,LightGCN,Tokyo,strict_unseen_test,0.11211754768545262,0.05232046059338066,0.0080870597115188,0.004371142406111036,0.1121±0.0081,0.0523±0.0044
hr_signal_ablation,RD-Safe+HR-w/o-RR,VanillaMF,Chicago,official_test,0.22952089486213387,0.15799227125134915,0.0044451449300757905,0.0019683949681594272,0.2295±0.0044,0.1580±0.0020
hr_signal_ablation,RD-Safe+HR-w/o-RR,VanillaMF,Chicago,strict_unseen_test,0.17339905426032606,0.08570072885752637,0.0016612587108821794,0.0024848743589942364,0.1734±0.0017,0.0857±0.0025
hr_signal_ablation,RD-Safe+HR-w/o-RR,VanillaMF,NYC,official_test,0.16286973117156367,0.09063355129812961,0.0064031424057847544,0.0027536142062115155,0.1629±0.0064,0.0906±0.0028
hr_signal_ablation,RD-Safe+HR-w/o-RR,VanillaMF,NYC,strict_unseen_test,0.11553431789968649,0.05254831219305853,0.004850589407698096,0.002012181942104021,0.1155±0.0049,0.0525±0.0020
hr_signal_ablation,RD-Safe+HR-w/o-RR,VanillaMF,Singapore,official_test,0.484824601273123,0.28210784738061295,0.00922860871603139,0.0050035830795133315,0.4848±0.0092,0.2821±0.0050
hr_signal_ablation,RD-Safe+HR-w/o-RR,VanillaMF,Singapore,strict_unseen_test,0.41213321237896533,0.18145460748001607,0.011507215882009295,0.002523816792860214,0.4121±0.0115,0.1815±0.0025
hr_signal_ablation,RD-Safe+HR-w/o-RR,VanillaMF,Tokyo,official_test,0.15595810953677816,0.08455554641344974,0.0014552189049309725,0.00036918580677682927,0.1560±0.0015,0.0846±0.0004
hr_signal_ablation,RD-Safe+HR-w/o-RR,VanillaMF,Tokyo,strict_unseen_test,0.12764453391421318,0.061693671710008315,0.0015235011508472147,0.0007851382612321429,0.1276±0.0015,0.0617±0.0008
hr_signal_ablation,RD-Safe+Pop,LightGCN,Chicago,official_test,0.27624585883955366,0.20436817564130225,0.009169542392533604,0.004066646890473409,0.2762±0.0092,0.2044±0.0041
hr_signal_ablation,RD-Safe+Pop,LightGCN,Chicago,strict_unseen_test,0.19337439012512647,0.10045410892196688,0.010275465954143389,0.0019848755961735117,0.1934±0.0103,0.1005±0.0020
hr_signal_ablation,RD-Safe+Pop,LightGCN,NYC,official_test,0.20203272937442388,0.11507973168565176,0.009444348464795539,0.002017813921184692,0.2020±0.0094,0.1151±0.0020
hr_signal_ablation,RD-Safe+Pop,LightGCN,NYC,strict_unseen_test,0.13199067087519864,0.05444284329561099,0.011182110702545135,0.003637416565376565,0.1320±0.0112,0.0544±0.0036
hr_signal_ablation,RD-Safe+Pop,LightGCN,Singapore,official_test,0.463236514721518,0.2551693509530808,0.0057517133129318665,0.012360521603446438,0.4632±0.0058,0.2552±0.0124
hr_signal_ablation,RD-Safe+Pop,LightGCN,Singapore,strict_unseen_test,0.39258200855871567,0.17781340433787207,0.011658694769868446,0.008966866941867397,0.3926±0.0117,0.1778±0.0090
hr_signal_ablation,RD-Safe+Pop,LightGCN,Tokyo,official_test,0.17591931954887488,0.11305197263962692,0.00535655599006973,0.0012069199760287492,0.1759±0.0054,0.1131±0.0012
hr_signal_ablation,RD-Safe+Pop,LightGCN,Tokyo,strict_unseen_test,0.11211754768545262,0.05232046059338066,0.0080870597115188,0.004371142406111036,0.1121±0.0081,0.0523±0.0044
hr_signal_ablation,RD-Safe+Pop,VanillaMF,Chicago,official_test,0.20114174567794177,0.13624056428708045,0.0048922727764064014,0.005193763401890627,0.2011±0.0049,0.1362±0.0052
hr_signal_ablation,RD-Safe+Pop,VanillaMF,Chicago,strict_unseen_test,0.16885470425360846,0.09089616300960875,0.008718354516442317,0.003564168417387129,0.1689±0.0087,0.0909±0.0036
hr_signal_ablation,RD-Safe+Pop,VanillaMF,NYC,official_test,0.12670737367827078,0.0627710795233651,0.004451371873043782,0.0014805394173512214,0.1267±0.0045,0.0628±0.0015
hr_signal_ablation,RD-Safe+Pop,VanillaMF,NYC,strict_unseen_test,0.10480518035430665,0.045354523539247626,0.00251746653380192,0.000734720819563133,0.1048±0.0025,0.0454±0.0007
hr_signal_ablation,RD-Safe+Pop,VanillaMF,Singapore,official_test,0.4455225561702357,0.23839966836109736,0.0042879415160129025,0.0031232169494304096,0.4455±0.0043,0.2384±0.0031
hr_signal_ablation,RD-Safe+Pop,VanillaMF,Singapore,strict_unseen_test,0.3967270169721626,0.1774368339070713,0.00820462036956534,0.003446769917005715,0.3967±0.0082,0.1774±0.0034
hr_signal_ablation,RD-Safe+Pop,VanillaMF,Tokyo,official_test,0.12499538159895456,0.06638229564564485,0.0008989384553438466,0.0012839474453229893,0.1250±0.0009,0.0664±0.0013
hr_signal_ablation,RD-Safe+Pop,VanillaMF,Tokyo,strict_unseen_test,0.11996440713014993,0.05694430635473058,0.0009692954133040451,0.0013071215137110577,0.1200±0.0010,0.0569±0.0013
hr_signal_ablation,RD-Safe+RR,LightGCN,Chicago,official_test,0.27624585883955366,0.20436817564130225,0.009169542392533604,0.004066646890473409,0.2762±0.0092,0.2044±0.0041
hr_signal_ablation,RD-Safe+RR,LightGCN,Chicago,strict_unseen_test,0.19337439012512647,0.10045410892196688,0.010275465954143389,0.0019848755961735117,0.1934±0.0103,0.1005±0.0020
hr_signal_ablation,RD-Safe+RR,LightGCN,NYC,official_test,0.20203272937442388,0.11507973168565176,0.009444348464795539,0.002017813921184692,0.2020±0.0094,0.1151±0.0020
hr_signal_ablation,RD-Safe+RR,LightGCN,NYC,strict_unseen_test,0.13199067087519864,0.05444284329561099,0.011182110702545135,0.003637416565376565,0.1320±0.0112,0.0544±0.0036
hr_signal_ablation,RD-Safe+RR,LightGCN,Singapore,official_test,0.463236514721518,0.2551693509530808,0.0057517133129318665,0.012360521603446438,0.4632±0.0058,0.2552±0.0124
hr_signal_ablation,RD-Safe+RR,LightGCN,Singapore,strict_unseen_test,0.39258200855871567,0.17781340433787207,0.011658694769868446,0.008966866941867397,0.3926±0.0117,0.1778±0.0090
hr_signal_ablation,RD-Safe+RR,LightGCN,Tokyo,official_test,0.17591931954887488,0.11305197263962692,0.00535655599006973,0.0012069199760287492,0.1759±0.0054,0.1131±0.0012
hr_signal_ablation,RD-Safe+RR,LightGCN,Tokyo,strict_unseen_test,0.11211754768545262,0.05232046059338066,0.0080870597115188,0.004371142406111036,0.1121±0.0081,0.0523±0.0044
hr_signal_ablation,RD-Safe+RR,VanillaMF,Chicago,official_test,0.20602911453414852,0.13981543480551842,0.0067141350103547175,0.0001518340489922677,0.2060±0.0067,0.1398±0.0002
hr_signal_ablation,RD-Safe+RR,VanillaMF,Chicago,strict_unseen_test,0.16651463167624522,0.08843868934435285,0.01078229369745947,0.0029766345822157415,0.1665±0.0108,0.0884±0.0030
hr_signal_ablation,RD-Safe+RR,VanillaMF,NYC,official_test,0.14497583881722684,0.07638845440176896,0.002121961485505004,0.0017195141044423102,0.1450±0.0021,0.0764±0.0017
hr_signal_ablation,RD-Safe+RR,VanillaMF,NYC,strict_unseen_test,0.1011322726652103,0.04472065167699065,0.002519963742588352,0.0013883631621722584,0.1011±0.0025,0.0447±0.0014
hr_signal_ablation,RD-Safe+RR,VanillaMF,Singapore,official_test,0.45183009622875553,0.23904715794648523,0.0010099744740457992,0.0024188681795550304,0.4518±0.0010,0.2390±0.0024
hr_signal_ablation,RD-Safe+RR,VanillaMF,Singapore,strict_unseen_test,0.40089143082827805,0.1787739833927849,0.007724817749603135,0.0007954224838329504,0.4009±0.0077,0.1788±0.0008
hr_signal_ablation,RD-Safe+RR,VanillaMF,Tokyo,official_test,0.1401880690374704,0.07567047061418235,0.0009416369947332523,0.0004781204414921596,0.1402±0.0009,0.0757±0.0005
hr_signal_ablation,RD-Safe+RR,VanillaMF,Tokyo,strict_unseen_test,0.11861197068691269,0.05409961850887932,0.0010595569940183769,0.0006411576080285486,0.1186±0.0011,0.0541±0.0006
main_component,HR-Rerank-OTC-GW,LightGCN,Chicago,official_test,0.2532530970975712,0.1774889380376413,0.002317710452130872,0.000593468611492593,0.2533±0.0023,0.1775±0.0006
main_component,HR-Rerank-OTC-GW,LightGCN,Chicago,strict_unseen_test,0.18155535532127484,0.08899682945541963,0.008557966336333498,0.004223047709204521,0.1816±0.0086,0.0890±0.0042
main_component,HR-Rerank-OTC-GW,LightGCN,NYC,official_test,0.1825524947795433,0.1017732531160175,0.005603198347630037,0.0008794473962790152,0.1826±0.0056,0.1018±0.0009
main_component,HR-Rerank-OTC-GW,LightGCN,NYC,strict_unseen_test,0.12173046032294103,0.05068574297219974,0.0028767989696137568,0.00039568650373980824,0.1217±0.0029,0.0507±0.0004
main_component,HR-Rerank-OTC-GW,LightGCN,Singapore,official_test,0.4859556749232386,0.2898034963687192,0.007640072238486585,0.004364729305134227,0.4860±0.0076,0.2898±0.0044
main_component,HR-Rerank-OTC-GW,LightGCN,Singapore,strict_unseen_test,0.3978978711828695,0.17604571553062864,0.007766951856964893,0.004484475812972473,0.3979±0.0078,0.1760±0.0045
main_component,HR-Rerank-OTC-GW,LightGCN,Tokyo,official_test,0.16680209488813189,0.10049804023749363,0.003305340169670927,0.0015757579322515669,0.1668±0.0033,0.1005±0.0016
main_component,HR-Rerank-OTC-GW,LightGCN,Tokyo,strict_unseen_test,0.12002353118531556,0.06028464881570541,0.0012486759908642208,0.0010222800548508814,0.1200±0.0012,0.0603±0.0010
main_component,HR-Rerank-OTC-GW,VanillaMF,Chicago,official_test,0.22697833102637466,0.16021171932711034,0.006800004658801762,0.004630740463860207,0.2270±0.0068,0.1602±0.0046
main_component,HR-Rerank-OTC-GW,VanillaMF,Chicago,strict_unseen_test,0.15989520914804164,0.08645458737076094,0.008845376880444683,0.0055081243610229525,0.1599±0.0088,0.0865±0.0055
main_component,HR-Rerank-OTC-GW,VanillaMF,NYC,official_test,0.1683178113872711,0.09648659965780354,0.002101788366345514,0.0008674226456684421,0.1683±0.0021,0.0965±0.0009
main_component,HR-Rerank-OTC-GW,VanillaMF,NYC,strict_unseen_test,0.11332433418383625,0.04953173199468427,0.004441444166831142,0.0006868859767822916,0.1133±0.0044,0.0495±0.0007
main_component,HR-Rerank-OTC-GW,VanillaMF,Singapore,official_test,0.48307416398922426,0.2757297835010252,0.006306523703098916,0.005185143260388522,0.4831±0.0063,0.2757±0.0052
main_component,HR-Rerank-OTC-GW,VanillaMF,Singapore,strict_unseen_test,0.41114105845385046,0.1802684136164129,0.0069291838893263905,0.0016241660891005258,0.4111±0.0069,0.1803±0.0016
main_component,HR-Rerank-OTC-GW,VanillaMF,Tokyo,official_test,0.1656945695293761,0.09141548364679357,0.0012341570685458004,0.0006905000668696131,0.1657±0.0012,0.0914±0.0007
main_component,HR-Rerank-OTC-GW,VanillaMF,Tokyo,strict_unseen_test,0.1253219947148799,0.0586900764107218,0.001720815993511171,0.0006827994402276421,0.1253±0.0017,0.0587±0.0007
main_component,Original-OTC-GW-NoFallback,LightGCN,Chicago,official_test,0.24537626114642788,0.15807977834946138,0.006878891188746299,0.008022273551391712,0.2454±0.0069,0.1581±0.0080
main_component,Original-OTC-GW-NoFallback,LightGCN,Chicago,strict_unseen_test,0.1930128786124069,0.1032087086941601,0.004997397027599967,0.007284363113725569,0.1930±0.0050,0.1032±0.0073
main_component,Original-OTC-GW-NoFallback,LightGCN,NYC,official_test,0.12221071785367817,0.06497753413754483,0.008686100820940994,0.00783752910861761,0.1222±0.0087,0.0650±0.0078
main_component,Original-OTC-GW-NoFallback,LightGCN,NYC,strict_unseen_test,0.09103269478119515,0.042203264855809684,0.007144492681096649,0.0024949768782841974,0.0910±0.0071,0.0422±0.0025
main_component,Original-OTC-GW-NoFallback,LightGCN,Singapore,official_test,0.4110693085319373,0.2183307464486659,0.016852966398071278,0.007610909773541323,0.4111±0.0169,0.2183±0.0076
main_component,Original-OTC-GW-NoFallback,LightGCN,Singapore,strict_unseen_test,0.36485037863817027,0.1679567151481438,0.03527461045248009,0.020119246223553818,0.3649±0.0353,0.1680±0.0201
main_component,Original-OTC-GW-NoFallback,LightGCN,Tokyo,official_test,0.13590729586704903,0.07486081710959656,0.006895487601287899,0.004349048365932401,0.1359±0.0069,0.0749±0.0043
main_component,Original-OTC-GW-NoFallback,LightGCN,Tokyo,strict_unseen_test,0.11199720881205132,0.055332360221613315,0.009175360486510508,0.004456943976632283,0.1120±0.0092,0.0553±0.0045
main_component,Original-OTC-GW-NoFallback,VanillaMF,Chicago,official_test,0.13658015506494556,0.10901245340710904,0.029211270828964863,0.012008171790967064,0.1366±0.0292,0.1090±0.0120
main_component,Original-OTC-GW-NoFallback,VanillaMF,Chicago,strict_unseen_test,0.12634055409178177,0.07548308785996591,0.02928027692866033,0.011625054148211258,0.1263±0.0293,0.0755±0.0116
main_component,Original-OTC-GW-NoFallback,VanillaMF,NYC,official_test,0.11915258893940887,0.059962866149945636,0.0137151812492927,0.00473933187945022,0.1192±0.0137,0.0600±0.0047
main_component,Original-OTC-GW-NoFallback,VanillaMF,NYC,strict_unseen_test,0.09722657521081379,0.043783374491642914,0.012061371102047528,0.0030719156584086502,0.0972±0.0121,0.0438±0.0031
main_component,Original-OTC-GW-NoFallback,VanillaMF,Singapore,official_test,0.43551481318128404,0.23221486072984712,0.015536157861903184,0.005017721673892049,0.4355±0.0155,0.2322±0.0050
main_component,Original-OTC-GW-NoFallback,VanillaMF,Singapore,strict_unseen_test,0.38811614460430705,0.17351475680604364,0.011880589590006874,0.004028681153487153,0.3881±0.0119,0.1735±0.0040
main_component,Original-OTC-GW-NoFallback,VanillaMF,Tokyo,official_test,0.12468221444329886,0.06682532100348476,0.0018960672819436889,0.00048258813591260766,0.1247±0.0019,0.0668±0.0005
main_component,Original-OTC-GW-NoFallback,VanillaMF,Tokyo,strict_unseen_test,0.1197010269117524,0.05769492148364608,0.0019835297063335432,0.0004809133953969522,0.1197±0.0020,0.0577±0.0005
main_component,RD-Safe-OTC-GW,LightGCN,Chicago,official_test,0.27624585883955366,0.20436817564130225,0.009169542392533604,0.004066646890473409,0.2762±0.0092,0.2044±0.0041
main_component,RD-Safe-OTC-GW,LightGCN,Chicago,strict_unseen_test,0.19337439012512647,0.10045410892196688,0.010275465954143389,0.0019848755961735117,0.1934±0.0103,0.1005±0.0020
main_component,RD-Safe-OTC-GW,LightGCN,NYC,official_test,0.20203272937442388,0.11507973168565176,0.009444348464795539,0.002017813921184692,0.2020±0.0094,0.1151±0.0020
main_component,RD-Safe-OTC-GW,LightGCN,NYC,strict_unseen_test,0.13199067087519864,0.05444284329561099,0.011182110702545135,0.003637416565376565,0.1320±0.0112,0.0544±0.0036
main_component,RD-Safe-OTC-GW,LightGCN,Singapore,official_test,0.463236514721518,0.2551693509530808,0.0057517133129318665,0.012360521603446438,0.4632±0.0058,0.2552±0.0124
main_component,RD-Safe-OTC-GW,LightGCN,Singapore,strict_unseen_test,0.39258200855871567,0.17781340433787207,0.011658694769868446,0.008966866941867397,0.3926±0.0117,0.1778±0.0090
main_component,RD-Safe-OTC-GW,LightGCN,Tokyo,official_test,0.17591931954887488,0.11305197263962692,0.00535655599006973,0.0012069199760287492,0.1759±0.0054,0.1131±0.0012
main_component,RD-Safe-OTC-GW,LightGCN,Tokyo,strict_unseen_test,0.11211754768545262,0.05232046059338066,0.0080870597115188,0.004371142406111036,0.1121±0.0081,0.0523±0.0044
main_component,RD-Safe-OTC-GW,VanillaMF,Chicago,official_test,0.19321059725330036,0.13232853117798482,0.009081230273327325,0.004058211233419509,0.1932±0.0091,0.1323±0.0041
main_component,RD-Safe-OTC-GW,VanillaMF,Chicago,strict_unseen_test,0.16779432577299547,0.09062546276961307,0.00702553153619222,0.0032090071037880552,0.1678±0.0070,0.0906±0.0032
main_component,RD-Safe-OTC-GW,VanillaMF,NYC,official_test,0.12626631078901307,0.062365020927975655,0.004935222553176547,0.0015873171022038545,0.1263±0.0049,0.0624±0.0016
main_component,RD-Safe-OTC-GW,VanillaMF,NYC,strict_unseen_test,0.10433648894073334,0.045169301281315556,0.003174114960838357,0.0009618682808583956,0.1043±0.0032,0.0452±0.0010
main_component,RD-Safe-OTC-GW,VanillaMF,Singapore,official_test,0.4477989602456842,0.23907831340020289,0.00034890649842500137,0.0019782287811699623,0.4478±0.0003,0.2391±0.0020
main_component,RD-Safe-OTC-GW,VanillaMF,Singapore,strict_unseen_test,0.39947634451199293,0.17832344940725472,0.004816588078048645,0.0019936122997203844,0.3995±0.0048,0.1783±0.0020
main_component,RD-Safe-OTC-GW,VanillaMF,Tokyo,official_test,0.1253463392700777,0.06672087452832091,0.0007394562820717781,0.0004752371872091604,0.1253±0.0007,0.0667±0.0005
main_component,RD-Safe-OTC-GW,VanillaMF,Tokyo,strict_unseen_test,0.12032388425433294,0.057378760311329956,0.0007741704047951913,0.00045928968731900855,0.1203±0.0008,0.0574±0.0005
main_component,Target-only,LightGCN,Chicago,official_test,0.27624585883955366,0.20436817564130225,0.009169542392533604,0.004066646890473409,0.2762±0.0092,0.2044±0.0041
main_component,Target-only,LightGCN,Chicago,strict_unseen_test,0.19337439012512647,0.10045410892196688,0.010275465954143389,0.0019848755961735117,0.1934±0.0103,0.1005±0.0020
main_component,Target-only,LightGCN,NYC,official_test,0.20203272937442388,0.11507973168565176,0.009444348464795539,0.002017813921184692,0.2020±0.0094,0.1151±0.0020
main_component,Target-only,LightGCN,NYC,strict_unseen_test,0.13199067087519864,0.05444284329561099,0.011182110702545135,0.003637416565376565,0.1320±0.0112,0.0544±0.0036
main_component,Target-only,LightGCN,Singapore,official_test,0.46941836613096405,0.26404715430205955,0.010136691797882387,0.005497490743331964,0.4694±0.0101,0.2640±0.0055
main_component,Target-only,LightGCN,Singapore,strict_unseen_test,0.39493699624934536,0.17835050114843498,0.012751242266072594,0.008813327081128208,0.3949±0.0128,0.1784±0.0088
main_component,Target-only,LightGCN,Tokyo,official_test,0.17591931954887488,0.11305197263962692,0.00535655599006973,0.0012069199760287492,0.1759±0.0054,0.1131±0.0012
main_component,Target-only,LightGCN,Tokyo,strict_unseen_test,0.11211754768545262,0.05232046059338066,0.0080870597115188,0.004371142406111036,0.1121±0.0081,0.0523±0.0044
main_component,Target-only,VanillaMF,Chicago,official_test,0.19496414454861247,0.13266121701913622,0.006085134058228621,0.0037135078101365824,0.1950±0.0061,0.1327±0.0037
main_component,Target-only,VanillaMF,Chicago,strict_unseen_test,0.16821938594539085,0.09043035864687587,0.007696196074145902,0.0029726386356882257,0.1682±0.0077,0.0904±0.0030
main_component,Target-only,VanillaMF,NYC,official_test,0.12527409086810612,0.0618894307520849,0.0032817276425071936,0.0007649559080889285,0.1253±0.0033,0.0619±0.0008
main_component,Target-only,VanillaMF,NYC,strict_unseen_test,0.10330883323011038,0.044778538802472616,0.0018214441472009036,0.0005082268058763403,0.1033±0.0018,0.0448±0.0005
main_component,Target-only,VanillaMF,Singapore,official_test,0.4477989602456842,0.23907831340020289,0.00034890649842500137,0.0019782287811699623,0.4478±0.0003,0.2391±0.0020
main_component,Target-only,VanillaMF,Singapore,strict_unseen_test,0.39947634451199293,0.17832344940725472,0.004816588078048645,0.0019936122997203844,0.3995±0.0048,0.1783±0.0020
main_component,Target-only,VanillaMF,Tokyo,official_test,0.1253463392700777,0.06672087452832091,0.0007394562820717781,0.0004752371872091604,0.1253±0.0007,0.0667±0.0005
main_component,Target-only,VanillaMF,Tokyo,strict_unseen_test,0.12032388425433294,0.057378760311329956,0.0007741704047951913,0.00045928968731900855,0.1203±0.0008,0.0574±0.0005
